Gram,Ethnicity,Occurences
nwu,2,606
ilc,4,102924
scl,4,7905
nwy,4,902
nwe,4,30914
ssw,4,5433
nwa,4,93551
gaf,4,18221
tah,4,32944
nwo,4,37884
nwi,4,20740
zhp,3,455
cwi,4,23030
aub,4,83033
aue,4,149740
aug,4,628500
auf,4,100146
aui,4,1946
auk,4,10177
aum,4,149855
aul,4,460686
aup,4,25473
aus,4,390568
gaa,4,7636
auw,4,1086
auv,4,17939
auy,1,1161
aux,4,98981
xtm,4,543
hdr,4,545
cwa,4,2322
eju,4,581
fur,4,59103
cmo,4,3470
upo,4,19341
fho,4,605
fhi,4,827
upk,4,3047
uph,4,6885
upi,4,19719
fhe,4,513
cwe,4,925
cme,4,5401
upb,4,804
upc,4,9736
cma,4,94529
upa,4,13461
zdo,4,837
zdi,4,395
upy,4,485
kuc,4,20398
alz,4,37900
cmu,4,48284
upu,4,11895
zda,4,2666
upp,4,62574
aiv,4,4086
oeg,4,13052
lmy,4,1493
nen,4,74992
nel,4,1036154
nem,4,60159
nej,3,13463
nek,4,40672
neh,4,38064
nei,4,295461
nef,4,38942
nee,4,120233
neb,4,31647
nec,4,45739
kup,4,11516
kuo,1,6570
kun,4,55330
slo,4,117004
nez,3,1127521
kuj,4,4753
kui,4,5143
ney,4,1203534
kug,4,5504
new,4,383781
ruz,3,300597
neu,4,61301
ner,4,2454756
kub,4,28060
nep,4,15977
mee,4,97751
rky,4,1204
mef,4,4733
mea,4,193365
loo,4,153610
mec,4,22508
dyl,4,527
mei,4,119817
mek,4,12578
mej,3,74137
meu,4,9598
met,4,165746
mew,4,17869
mey,4,291302
mex,3,440
oed,4,84121
mez,3,340860
dry,4,90704
gli,4,190662
lol,4,7291
dym,4,2912
wdh,1,5765
wdi,4,1969
akp,2,490
dru,4,106727
gle,4,702746
aku,4,12421
akt,1,4031
akk,4,13835
gly,4,29942
orm,4,317043
ako,4,25245
sjo,4,3963
akm,4,4162
akl,4,39338
wdy,4,19497
apl,4,124463
sja,4,6026
dre,4,402831
glu,4,18693
ake,4,975433
akd,1,438
sso,4,235428
brz,4,4955
bru,4,312119
usa,4,47858
orf,4,42311
ppl,4,89375
tq,4,1001
ajd,4,4201
rix,4,40099
lwr,4,673
dni,4,12742
mwa,4,5361
orc,4,65177
lwh,4,1596
lwi,4,6753
det,4,84849
lwa,4,15391
dny,4,953
lwe,4,37293
ssi,4,226861
nka,4,29313
nkb,4,2579
kgr,4,962
nke,4,314045
iei,4,9129
nkh,4,17748
nkm,4,13172
nko,4,55223
nkr,4,7683
nku,4,2683
riq,3,80224
wma,4,221567
ltv,4,485
ert,4,1847756
xha,4,1896
erw,4,156142
erp,4,23619
erq,4,4022
xhe,4,568
mm,4,1320675
ml,4,149370
mn,4,31434
tny,4,8059
ik,4,345024
erz,4,33126
tne,4,239321
erf,4,113249
erg,4,868266
tna,4,20469
erb,4,203333
mr,4,55231
erl,4,371490
erm,4,699343
tno,4,4980
erh,4,100372
eri,4,539161
erj,1,3948
erk,4,226668
uax,4,5755
yge,4,3762
czy,4,39201
yga,4,8774
ygm,4,612
rii,4,474
uau,3,410
uat,4,2022
ygi,4,1946
uav,4,1356
uai,4,8017
uah,3,448
uak,4,662
uaj,3,11143
czn,4,2198
czo,4,5731
czm,4,5753
dyk,4,51767
cza,4,35752
ic,4,4702517
cze,4,20843
hof,4,285118
hog,4,105190
enb,4,343589
hoe,4,132728
hob,4,87702
hoc,4,70652
enf,4,76768
enh,4,97330
hoo,4,289293
hoj,4,3252
hok,4,13840
hoh,4,11830
hov,4,23728
mpn,4,1220
hot,4,49990
ens,4,1652444
hor,4,709940
enu,4,11433
hop,4,306584
enw,4,69900
eny,4,35817
hoz,3,697
hox,4,2654
iem,4,60331
ovs,4,2224
iub,4,553
lah,4,122736
laj,4,6608
ovy,4,1392
laa,4,12109
lab,4,94545
lax,4,11863
ovg,4,550
ovd,4,612
gph,1,438
iuf,4,1803
lap,4,132609
ovl,4,2259
zha,1,46242
rux,4,1145
fak,4,4407
fah,4,20604
wop,4,9286
pou,4,53918
yqu,4,1749
zeb,4,4333
zec,4,11672
zef,4,427
uwm,4,698
zee,4,13752
zej,4,2835
zek,4,23780
zeh,4,8998
zei,4,28852
xh,4,2464
zel,4,212273
zem,4,40187
zer,4,206951
zes,4,7880
ssf,4,3856
zew,4,29323
wue,4,3720
zez,4,2235
zaj,4,11757
zey,4,9117
wun,4,8330
zak,4,57998
fir,4,16280
fis,4,361822
fip,4,866
uop,4,648
uow,4,880
xl,4,46370
fit,4,301092
fiu,4,1559
uoz,4,941
fix,4,5289
xm,4,3424
iml,4,8110
imn,4,1032
uoc,4,2361
fic,4,25891
hm,4,672111
imr,4,3224
fif,4,10525
uof,4,1095
fid,4,9078
uod,4,497
uok,1,1036
fik,4,9031
uoh,4,2133
uon,1,77134
fil,4,64098
fim,3,1807
rcq,4,472
xf,4,12464
upl,4,6886
zwi,4,8947
zwo,4,1722
zwa,4,7346
zdz,4,522
ssc,4,4897
zwe,4,6502
hc,4,48322
ufm,4,41450
upf,4,1580
lbe,4,374916
upd,4,2923
fee,4,77625
wsm,4,1061
kiy,1,934
mde,4,3600
xr,4,4939
dga,4,12881
xs,4,25908
wge,4,2364
gol,4,263142
rw,4,296035
rp,4,844729
goh,4,6626
smy,4,16921
goj,4,458
goe,4,52811
dsw,4,15218
dst,4,74869
gof,4,43740
wgi,4,2561
dsp,4,6698
zas,3,11691
smo,4,67473
rf,4,230926
dsm,4,17786
dsk,4,4679
dsh,4,43925
dsi,4,4887
rl,4,1476598
rm,4,1724595
sme,4,40532
dse,4,105270
rh,4,404065
dsc,4,3308
ntz,4,182452
adg,4,39255
nts,4,83006
ntw,4,19472
syn,4,1405
ntk,4,1523
ntm,4,1827
dgl,4,7185
ntn,4,10932
ntc,4,1431
aps,4,11348
awh,4,14162
atf,4,40064
atg,4,504
atd,4,998
dgs,4,9908
atn,4,17120
isw,4,26216
isv,4,4545
isu,4,4058
isk,4,64262
atw,4,40884
isi,4,64826
ish,4,654043
atr,4,182409
iad,3,11074
isc,4,239349
xum,2,1063
atz,4,97125
ise,4,349533
aty,4,18695
nhe,4,19653
nha,4,223283
tei,4,337526
nho,4,73122
syt,4,20656
nhi,4,21325
nby,4,13486
mbk,4,1583
rke,4,781366
toz,4,4205
xia,1,2489
xic,3,440
xid,3,843
xil,4,399
euh,4,3921
xin,1,1176
xio,1,28906
toj,3,10954
toh,4,1890
xit,1,664
too,4,63842
toc,4,101610
dth,4,521
tof,4,18008
tog,4,6770
tod,4,93299
toe,4,13166
gya,4,2085
gsp,4,467
gyl,4,1072
gyi,4,2109
nbu,4,77699
iav,4,7081
nzw,4,2479
nzu,3,47398
tsi,4,9542
tez,3,134608
iap,4,3289
nzb,4,416
nza,3,885499
kto,4,13489
nze,4,65960
epw,4,1728
nzk,4,421
kte,4,3990
iar,4,93124
kta,1,3502
nzm,4,2827
nzl,4,6379
raf,4,159304
rsl,4,35529
ryk,4,4654
lbr,4,127149
lbu,4,67429
pyk,4,1596
cyr,4,17211
lby,4,50665
ths,4,24471
rak,4,125567
eps,4,20008
apu,4,17640
rau,4,253585
rar,4,131082
rap,4,91768
lbf,4,641
lbi,4,11128
ogy,4,584
lbl,4,1552
rsi,4,22888
ypp,2,969
erx,4,435
rsk,4,57723
epl,4,34120
udz,4,8663
ypa,4,794
ype,4,4793
yph,4,4491
ypn,4,588
ypo,4,6863
vgr,4,550
thj,4,1823
tym,4,2478
tyn,4,20891
tyo,4,1069
bye,4,45511
tyj,4,2288
tyk,4,2390
bst,4,94100
tye,4,8528
tyg,4,528
apk,4,3168
tya,4,2395
tyb,4,780
thg,4,3154
bsh,4,9117
xn,4,6245
bsk,4,1932
tyu,4,562
ogr,4,12894
bsa,4,512
tyr,4,69827
kuz,4,3427
ogm,4,1927
doh,4,33749
doi,4,19483
doo,4,45510
ogl,4,77417
doc,4,85041
lps,4,51656
dod,4,101082
doe,4,31159
lpo,4,13457
kuw,1,453
lpl,4,703
xbu,4,740
cyg,4,1100
lpe,4,35084
dow,4,336806
dot,4,58951
rsy,4,19695
kut,4,9899
udd,4,99874
smu,4,49733
kus,4,37852
kur,4,50100
oge,4,368734
pka,4,11271
rsu,4,3417
suh,1,5840
udh,1,10516
oci,4,10080
ock,4,1063461
ocl,4,494
oco,4,140005
hrz,4,2850
hru,4,20677
hrt,4,2651
occ,4,41985
hrs,4,7190
udo,4,48010
hrm,4,20225
hrl,4,11134
hro,4,153017
hrn,4,1149
hri,4,422090
hrh,4,2279
hrk,4,5742
ztu,4,412
hrd,4,827
rss,4,5133
hra,4,149456
zts,4,1370
hrb,4,3790
dn,4,269956
yfe,4,3684
yff,4,2740
dm,4,416456
dk,4,105514
yby,4,3609
dg,4,797772
kuh,4,55186
db,4,155769
dc,4,37952
xb,4,6299
yfu,4,1374
bei,4,41726
dz,4,29989
yfr,4,923
dy,4,1055217
dv,4,15136
eub,4,39117
dt,4,426584
kue,4,26465
dp,4,5031
dq,4,25169
eme,4,277677
emd,4,541
emg,4,814
emf,4,779
emc,4,3152
emb,4,78065
emm,4,115622
eml,4,13665
emn,4,2177
emh,4,530
emk,4,15591
suz,1,5233
bag,4,65618
emw,4,976
bab,4,69665
emp,4,183952
ems,4,26673
emr,4,7674
bam,4,7714
baj,3,18859
bak,4,461014
emz,4,425
xfi,4,5455
llt,4,420
nuz,4,6786
nux,4,431
job,4,15962
nut,4,74839
nus,4,60336
nup,4,4475
ybu,4,15440
nul,4,24085
nuk,4,1523
nuh,4,412
nuf,4,1097
nug,4,16260
nud,4,19477
csa,4,425
ldy,4,3962
efz,4,526
mut,4,33676
xfo,4,7009
irp,4,1277
irt,4,44897
irw,4,39672
irh,4,4607
irj,4,583
irk,4,200069
rtl,4,129671
irm,4,20392
irn,4,19570
mum,4,16686
koj,1,948
irb,4,78152
irc,4,68401
ird,4,113851
irf,4,4532
muj,3,1863
wg,4,5883
omb,4,300008
wtr,4,420
wc,4,35502
wb,4,62224
zba,4,1895
omd,4,425
omk,4,3581
wty,4,961
wm,4,222460
wl,4,527408
omn,4,1422
omm,4,59514
oml,4,45723
oms,4,78816
wv,4,6007
omq,4,3844
rgs,4,11031
ws,4,1138024
wte,4,5408
wq,4,807
wp,4,4801
wne,4,95049
omz,4,567
isb,4,52593
wy,4,275151
unp,4,3605
ilg,4,45846
ild,4,229256
uns,4,116259
ilb,4,251217
unu,3,425
cow,4,105976
unw,4,4421
iln,4,20477
cox,4,330111
unz,4,27550
coz,4,13742
ilj,4,774
ilh,4,42217
ybe,4,33274
fne,4,52782
und,4,494085
cod,4,33004
unf,4,8265
cof,4,99961
unh,4,26862
coh,4,107161
cok,4,26483
unk,4,138365
com,4,325039
unn,4,435673
ily,4,28048
wsl,4,645
hbi,4,1899
chd,1,1022
kwi,4,22242
ars,4,931075
kwu,2,538
yim,1,5426
opw,4,532
ouq,4,1253
fre,4,585484
ppo,4,39481
fri,4,306204
fro,4,91333
adc,4,26210
anl,4,203911
ppu,4,2965
fru,4,10966
rgd,4,1426
fry,4,88184
gte,4,552
ann,4,1175299
sis,4,52041
rge,4,677644
mco,4,3511
mcm,4,232958
mcj,4,2171
mch,4,44045
mcg,4,504269
sag,4,35010
mce,4,87773
rgg,4,3108
mcc,4,1274856
mca,4,142739
drz,4,2970
mcz,4,8346
els,4,954231
mcw,4,36014
mcv,4,21500
mct,4,7589
mcs,4,23046
mcp,4,63008
wfi,4,982
sly,4,11492
gnu,4,13694
slu,4,18639
gny,4,2194
anv,4,19101
elw,4,26182
aio,4,12816
gna,4,42061
sli,4,98873
gne,4,252722
aie,4,34062
gni,4,5759
aia,4,7203
gno,4,58572
iy,1,15368
tzp,4,39501
tzs,4,12656
tzr,4,444
tzw,4,4536
tzy,4,2023
ip,4,1002548
wqu,4,807
tza,4,1825
ih,4,61555
tzc,4,2512
tzb,4,2924
tze,4,184770
tzg,4,99573
tzf,4,10626
tzi,4,8858
opp,4,165929
tzk,4,12358
wdo,4,1867
tzm,4,35581
tzl,4,33119
tzo,4,4650
tzn,4,3043
dho,4,12388
euw,4,3970
dhe,4,5855
who,4,28197
wds,4,409
dhy,1,573
dhw,1,491
drm,4,529
dhr,1,4709
wdu,4,460
nij,1,509
nik,4,29513
nih,4,8255
nin,4,667209
mih,4,6725
kis,4,88227
nic,4,460248
drn,4,686
kiv,4,4112
kit,4,74819
vvo,4,1200
kij,4,455
tvi,4,4013
jko,4,3413
kil,4,157112
kic,4,3924
kib,4,18682
kig,4,10474
jka,4,5883
kie,4,94635
kid,4,62796
thy,4,129954
epy,4,1237
thw,4,32231
thv,4,1533
tht,4,581
epr,4,6310
thr,4,133020
epp,4,183027
akf,4,779
thn,4,1976
thm,4,13829
thl,4,12117
thk,4,4229
epk,4,9990
thi,4,230411
epi,4,16410
epf,4,5078
thf,4,894
sje,4,602
thc,4,19917
thb,4,16629
epa,4,81225
rus,4,531187
yeh,1,7848
yek,4,1586
wcz,4,5679
yem,2,1334
yel,4,16066
yen,1,326921
yea,4,59049
yec,4,1012
opc,4,702
yee,1,19992
yeg,4,1411
yez,3,994
yep,3,6593
yer,4,1076370
yet,4,26026
elk,4,103272
bny,4,526
biu,4,395
eln,4,10862
hao,1,43668
elb,4,79601
haa,4,87998
elf,4,73253
hae,4,164009
haf,4,185395
hag,4,177172
elz,4,26675
haz,4,53135
ely,4,147009
lch,4,199518
wce,4,6149
elp,4,68427
hau,4,208344
rnk,4,1772
opu,4,861
rni,4,109157
rnh,4,77224
rno,4,206014
rnm,4,2171
rnl,4,6580
rnb,4,44148
tve,4,893
lcz,4,14240
rnf,4,3460
crn,4,546
rnd,4,47322
opd,4,1391
rnz,4,485
rny,4,7160
wch,4,501
rns,4,308754
opm,4,5021
rnq,4,2320
opo,4,27518
rnw,4,21834
lck,4,2610
rnu,4,11483
efi,4,63442
whu,4,768
fay,4,23164
bpl,4,788
lja,4,774
vde,4,612
ywi,4,3315
zbe,4,5985
olc,4,54384
old,4,861290
zca,3,9657
olf,4,241139
zcl,4,2512
zco,3,53609
zci,4,778
oln,4,33566
eep,4,27908
zcu,3,5104
olr,4,944
ols,4,562533
olt,4,281823
olu,4,24446
olw,4,13423
oly,4,16441
olz,4,50769
efk,4,5109
zcz,4,7949
fot,4,2917
fou,4,86748
umw,4,6210
fow,4,111176
ums,4,17442
umr,4,6637
icc,4,55593
ykh,4,493
yko,4,5450
ykm,4,805
ykl,4,621
fod,4,2997
foe,4,4729
fof,2,680
fog,4,38207
wdl,4,2249
foc,4,3336
fol,4,114985
uml,4,32343
umn,4,19782
umi,4,8879
foi,4,2801
umk,4,1358
fok,1,572
hsc,4,576
plu,4,56543
hsa,1,756
hse,4,8073
hsi,1,10948
hsn,4,1717
hso,4,12319
ply,4,4660
ple,4,382946
pyo,1,965
hst,4,12525
hsu,1,15637
plo,4,30057
pli,4,48909
obn,4,1651
uya,1,3505
zup,4,2732
zuv,4,414
obk,4,954
zut,4,4178
awn,4,24361
obg,4,2537
eyf,4,4326
rim,4,218394
obc,4,573
rty,4,262943
zuc,4,15851
zua,3,3743
obz,4,1003
zue,3,51672
zuh,4,576
obu,4,20860
obr,4,148221
obs,4,233912
xu,1,14738
soc,4,16794
sob,4,21789
ahf,4,419
mbi,4,30875
ppe,4,302555
sof,4,2987
mbd,4,1726
mbe,4,380623
ppi,4,54898
soj,4,1804
ahn,4,113557
mba,4,115557
elh,4,31240
mbc,4,417
ahr,4,37732
sop,4,13336
sou,4,142961
mby,4,25197
sow,4,42401
sov,4,4138
sox,4,3152
ahy,4,21174
pyb,4,1043
mbs,4,80295
ufe,4,10522
giu,4,15641
awd,4,7531
wak,4,51032
wah,4,24050
wag,4,226837
waf,4,12076
wae,4,1182
wac,4,27113
wab,4,20313
waa,4,2044
gig,4,13886
olh,4,3117
gie,4,50531
rkl,4,91440
gic,4,604
gia,4,54888
wax,4,5862
waw,4,1110
wav,4,980
wau,4,13472
uyn,1,46241
gik,4,463
urd,4,174428
cec,4,19568
mtz,4,589
azk,4,616
azl,4,9145
azn,4,554
azb,4,1374
azc,3,5240
aze,4,107185
wda,4,894
url,4,166887
mth,4,559
mto,4,815
urm,4,69591
azp,3,626
azq,3,125734
azs,4,972
fke,4,2135
nno,4,416165
qin,1,1212
nni,4,757787
ln,4,95561
kor,4,60341
nne,4,1559128
qia,1,1626
nna,4,259680
zfu,4,10159
nny,4,62111
kho,4,48217
qiu,1,1934
nnu,4,11152
nnt,4,1840
nl,4,531296
nm,4,102947
nn,4,4256147
kou,4,13179
tit,4,80372
nb,4,553030
tip,4,44347
urv,4,24467
nf,4,270550
ny,4,449528
tio,4,18046
tij,3,11670
tik,4,1991
mrh,4,1494
nv,4,47526
nw,4,191818
ick,4,2144644
kot,4,20273
kva,4,913
urs,4,159225
yka,4,4694
ich,4,1437436
dqu,4,25169
fsc,4,723
fse,4,1429
hmi,4,242056
fsi,4,2442
fsk,4,425
fsm,4,423
fsn,4,759
mra,4,10183
fst,4,8782
fsu,4,694
osy,4,2319
roi,4,24488
lly,4,576094
osz,4,8601
osq,3,13650
fox,4,156480
oss,4,831976
llv,4,1108
osw,4,50857
osv,4,1354
osi,4,109700
osk,4,85451
osj,4,602
lln,4,21259
llm,4,207388
osn,4,24386
llc,4,5299
llb,4,10688
umz,4,461
llg,4,10253
llf,4,2366
osg,4,15935
osf,4,2093
vev,4,944
vew,4,452
vet,4,58290
veu,4,914
veq,4,1368
gea,4,36841
tka,4,9367
vez,3,211607
umg,4,32900
hbr,4,3586
veg,3,91232
vee,4,13582
vec,4,12631
veo,3,1581
vem,4,893
vek,4,1132
veh,4,1409
vei,4,39183
lre,4,27882
fso,4,37943
umb,4,97455
mg,4,40926
umm,4,292140
lry,4,7109
jec,4,408
fec,4,5928
jha,1,1174
gub,4,3290
foo,4,48753
gug,4,7175
guf,4,12389
dik,4,4972
did,4,15288
foh,4,1335
dif,4,35796
guh,4,718
dib,4,26677
dic,4,310603
jde,4,523
foj,4,524
dit,4,55288
guz,3,134115
guy,1,361403
diw,4,476
dip,4,17168
dir,4,17073
ruj,3,60529
hte,4,106551
htc,4,1308
htn,4,6589
htm,4,8549
htl,4,4613
ruh,4,18517
hti,4,9112
hth,4,618
htw,4,2435
ajc,4,4142
ufk,4,2551
mk,4,38000
dew,4,90261
hty,4,21499
ruo,1,30728
cgo,4,66020
dei,4,46477
rum,4,249111
oes,4,43552
zra,4,2584
oer,4,67756
zro,4,444
mq,4,13181
imd,4,484
tky,4,575
ydo,4,14201
ydl,4,918
ydm,4,425
ydi,4,2452
yde,4,284979
ydb,4,1164
rug,4,77953
ydz,4,679
oeu,4,5965
hma,4,250361
ydt,4,1237
ydu,4,1181
ydr,4,1560
yds,4,3269
box,4,16175
ekn,4,1004
ekm,4,7758
ekl,4,11390
ekk,4,4981
kss,4,1006
eki,4,12804
xma,4,3424
bop,4,3029
boq,4,482
eke,4,48240
ekd,4,626
hba,4,19765
ekb,4,1456
eka,4,10014
bow,4,461367
boh,4,55671
boi,4,45239
oeh,4,79047
hby,4,33959
bom,4,14145
ngm,4,21089
hbu,4,46303
eku,4,1466
ekt,4,474
bod,4,91837
ekr,4,401
bof,4,905
yiu,1,910
ipb,4,452
uzm,3,126788
uzn,4,2488
ipf,4,4877
uzi,4,9196
ipe,4,82132
ipk,4,15922
iph,4,10902
ipi,4,19289
ipn,4,527
ipo,4,12504
ipl,4,53521
ipm,4,22236
oec,4,10968
ipp,4,232572
uzy,4,2074
ipt,4,30707
ipu,4,442
uzt,4,1370
uzq,3,634
sky,4,53830
aym,4,84854
kse,4,25597
ufs,4,1161
ayi,2,788
ayh,4,21063
msw,4,526
cgu,4,83209
ayc,4,16844
oef,4,16666
mso,4,179509
msm,4,457
ngw,4,21301
msk,4,8983
ult,4,379022
msi,4,617
msh,4,3590
jaj,1,1444
mse,4,102552
ayv,4,1217
msc,4,409
ayp,4,5508
ngq,4,1964
ooe,4,1574
oog,4,6471
oof,4,12507
oob,4,2941
oom,4,144403
ool,4,268457
ooi,4,2779
ooh,4,10212
oot,4,199860
wvi,4,676
oos,4,60855
ooy,4,1576
wve,4,5331
ulz,4,33489
caz,3,21720
ulx,4,5413
ibl,4,41162
ibm,4,989
ibn,4,9704
czk,4,5581
ulr,4,20848
uls,4,90985
ulp,4,31457
cap,4,119641
caw,4,11652
cau,4,115058
cat,4,145577
cak,4,1943
fli,4,62412
ulh,4,17946
cah,4,37260
cao,1,13462
ull,4,1108562
ulm,4,36430
fla,4,132979
ulc,4,17846
cag,4,33822
caf,4,38791
uld,4,108787
ygr,4,1770
kyk,4,740
spy,4,3594
ger,4,2089849
coc,4,267362
spr,4,163083
kyg,4,654
spu,4,25085
chb,4,15898
sph,4,518
kyz,4,1884
spl,4,4753
ske,4,182001
kys,4,3675
wna,4,3487
yly,4,1597
gev,4,2017
fpa,4,1946
nys,4,8059
nyp,4,794
nyq,4,1749
rku,4,8476
nyw,2,654
nyk,4,1173
nyh,4,728
nyo,4,26731
nyl,4,3614
nym,4,585
nyb,4,4529
zuf,4,1446
nya,4,20985
nyg,4,6325
nyd,4,161466
maq,3,463
mau,4,103475
jeo,1,2126
maw,4,5696
sna,4,25272
sno,4,86322
yla,4,35911
aok,1,3028
aoi,1,690
sni,4,74143
maa,4,18602
aou,4,4477
snu,4,5518
byi,4,3324
maf,4,4757
mah,4,195605
mak,4,102366
mao,1,4557
sny,4,162010
omh,4,623
sz,4,108133
ghv,1,410
zui,4,1184
ghr,4,9224
geb,4,21559
ss,4,3179691
zun,3,49253
zni,4,15278
sw,4,770644
sv,4,17705
ylk,4,1125
sk,4,1349859
sj,4,10591
ghf,4,3827
sn,4,582484
ghb,4,23054
sl,4,1078935
sc,4,3355833
sb,4,458039
zny,4,5664
yli,4,18348
sg,4,47254
sf,4,65186
se,4,5600799
ttz,4,1164
tty,4,92946
lse,4,214087
lsc,4,9385
lsa,4,22681
lsn,4,2385
ttr,4,56865
lsl,4,2973
lsm,4,7056
lsk,4,63707
ttu,4,13175
lsi,4,12107
ttk,4,3373
lsw,4,19039
tti,4,312588
lsu,4,4840
ttn,4,22773
lsp,4,3811
ttc,4,7856
ttb,4,400
tta,4,150954
ylw,4,2032
ttg,4,3273
ttf,4,2102
tte,4,1125603
sod,4,10225
oyo,3,53982
jie,2,404
chc,4,16982
jic,3,14059
enq,4,2437
gth,4,1152
jio,1,760
jil,3,65481
jim,3,171292
gtm,4,1138
jii,1,2302
dja,1,606
jiw,1,1521
jit,1,1756
gts,4,3062
gem,4,34388
jip,4,478
dji,4,536
ly,4,1523362
dyc,4,9852
djo,4,438
nol,4,496915
noo,4,31948
noh,4,22230
noi,4,24651
noj,3,24493
nok,4,4067
nod,4,24859
nsd,4,5483
nof,4,18559
oyh,4,416
nob,4,69444
aho,4,122093
kko,4,408
aer,4,23097
kki,4,3243
noy,4,27087
noz,3,198490
not,4,73768
nou,4,51485
nov,4,161778
now,4,194441
nop,4,14796
oye,4,187059
shu,4,147079
ulb,4,30597
xli,4,1839
ppr,4,1420
xle,4,44531
shw,4,15670
csp,4,2399
wcr,4,803
sot,3,135982
gry,4,1992
ei,4,2795340
eh,4,727043
ek,4,473679
bke,4,4861
wni,4,77184
ef,4,679914
ec,4,1399334
eb,4,1087355
yls,4,5213
ez,3,7778190
et,4,4421184
dlu,4,8613
feo,4,2811
hcr,4,13286
ejn,4,1796
bly,4,22925
eji,3,70033
hcu,4,6112
eja,3,57484
ejc,4,1741
blo,4,194461
aeb,4,2569
bli,4,71582
ppn,4,4097
shd,4,1376
hch,4,620
hco,4,22948
hcl,4,409
ejs,4,1083
rlm,4,8192
rll,4,1294
rlo,4,150142
sko,4,60274
rli,4,243649
dpa,4,4586
orv,4,31927
lmq,4,9337
lms,4,60217
rla,4,238775
lmu,4,6581
rlb,4,9987
tbu,4,2292
lmi,4,22091
orl,4,104479
lmk,4,1518
lml,4,814
ork,4,147460
orh,4,25942
rlu,4,4035
rlt,4,33378
lmb,4,7506
orb,4,128835
shj,4,1001
rls,4,142033
lmg,4,5002
ixl,4,9336
yur,4,3284
yut,4,1401
cus,4,98792
yuh,4,3260
yul,4,1130
usk,4,64899
yua,1,5394
jwa,1,1841
sho,4,407884
yue,1,8601
onk,4,79963
onh,4,14882
zam,3,87594
onn,4,592319
ono,4,153772
onl,4,82968
onm,4,547
onb,4,6279
xc,4,610
zad,3,34261
onf,4,12523
xd,4,450
giz,4,2051
onz,3,821198
xx,4,577
zaz,3,2646
giy,1,869
zav,3,38234
zaw,4,7316
zau,4,3387
onv,4,11999
onw,4,47254
onu,4,4847
yie,4,487
iao,1,9551
iai,4,977
ebb,4,209200
iak,4,49620
gif,4,26380
ukw,2,538
yil,4,710
iag,3,128461
uks,4,770
mku,4,2774
iac,4,22612
uko,4,11004
feh,4,10966
iay,2,971
yip,1,5542
iaz,3,266544
iau,4,8658
iat,4,38126
iaw,1,422
fme,4,5363
iaq,4,1085
fum,4,1114
fma,4,307386
lfi,4,24505
rmy,4,2575
hua,1,59218
hub,4,157934
huc,4,39624
hul,4,350899
cup,4,17127
elm,4,236902
lhe,4,34335
huj,1,1175
ebi,4,9310
pni,4,1115
gio,4,69983
huv,4,959
huw,4,524
hup,4,22530
huq,1,478
pno,4,936
pna,4,434
ebk,4,3270
pne,4,13735
huy,1,46189
rzf,4,526
rze,4,25242
rzc,4,778
rzb,4,4196
rza,3,205455
myu,1,562
rzk,4,648
rzi,4,8416
fev,4,11673
rzw,4,640
dsl,4,9456
zsa,4,394
zsc,4,2308
zsi,4,10849
rzy,4,17070
lnh,4,495
saj,4,655
anf,4,127190
sao,1,3418
aln,4,6024
sac,4,46933
pro,4,175613
anh,4,68266
say,4,102024
anw,4,24924
ugr,4,1660
ans,4,1079911
saq,2,397
saw,4,72527
sav,4,94847
prz,4,6044
zob,4,2393
zoc,4,1959
zod,4,397
zoe,4,3269
zog,4,13585
lf,4,485133
zok,4,676
wys,4,12013
zoo,4,8323
zop,4,423
zos,3,20571
zot,4,2134
zov,4,994
zow,4,4044
zoy,3,3429
zoz,4,1651
wco,4,22370
uyp,4,645
ocz,4,3637
uyr,4,753
feu,4,5811
dla,4,29699
iwi,4,2783
kmi,4,1807
fca,4,415
enl,4,57560
uye,1,325859
uyd,4,1350
fci,4,1093
uyk,4,9623
uym,4,1292
uyl,4,6528
fco,4,4758
axs,4,8537
mry,4,855
axu,2,1063
nfe,4,33507
mru,4,429
axb,4,723
axc,4,610
mro,4,16060
axf,4,6047
mri,4,22942
mre,4,3268
axh,4,481
axo,4,10722
axl,4,11599
axm,4,2912
tke,4,28048
fes,4,16486
wur,4,11864
tkn,4,1068
tko,4,31181
zzo,4,74547
wnu,4,1462
ehn,4,65006
nla,4,78464
tku,4,2778
tkr,4,509
nli,4,15875
huf,4,127057
nlo,4,52384
ffz,4,404
rkb,4,2209
wut,4,691
ytl,4,12701
xba,4,887
ffu,4,3096
utb,4,584
ssy,4,20570
yth,4,45402
geu,4,1403
get,4,129860
ssu,4,11654
ffs,4,6664
gey,4,13303
ehl,4,128243
zeo,4,3073
gec,4,3946
ssl,4,110307
dyn,4,2270
ssn,4,27723
geg,4,478
ssh,4,2262
ssk,4,933
ged,4,14659
sse,4,883203
dye,4,78424
gei,4,59823
dyg,4,1708
gen,4,347755
dyb,4,519
ssb,4,11684
ffn,4,33976
lfs,4,5662
ksa,4,901
msb,4,5380
ffk,4,1572
uth,4,294818
fqu,4,708
jop,4,2019
uv,4,80769
lny,4,2269
rmw,2,652
hki,4,7141
tuy,4,664
lnu,4,1880
uvo,4,639
uto,4,45768
rmb,4,8008
lno,4,413
rma,4,927719
lni,4,9093
cim,4,10613
lne,4,48635
lna,4,15626
ffe,4,522059
rml,4,8851
utr,4,35224
ul,4,2591123
unr,4,20928
jow,4,4220
yts,4,961
uve,4,21928
vki,4,832
jto,4,2231
jti,4,524
ytk,4,474
jtk,4,400
yti,3,504
vka,4,1604
wul,4,4559
jta,4,1255
joz,4,2095
yta,3,16747
uos,4,445
tuz,4,459
jw,1,1841
utt,4,431658
uor,4,3341
jt,4,4410
utu,4,13637
tut,4,66363
imc,4,3493
js,4,1083
jl,4,603
tui,4,1980
jn,4,6712
clo,4,137289
jh,1,1624
jk,4,9741
jd,4,4728
fiv,4,1245
tud,4,22923
tue,4,5672
jc,4,20002
gwe,4,15725
tuh,4,1391
kja,4,515
vuc,4,733
vun,4,404
vuo,1,7606
vul,4,1073
gwi,4,13553
kjo,4,782
dky,4,941
dke,4,9489
usz,4,11847
imh,4,6939
tul,4,48850
vuz,4,432
imk,4,9137
dki,4,93766
hvi,4,2612
vre,4,15566
deb,4,80485
poy,4,10109
hva,4,478
pot,4,149700
tuo,4,4612
hve,4,510
pop,4,105963
poq,4,891
lcu,4,5505
poh,4,16814
tua,4,39343
pof,4,7627
pog,4,9302
poe,4,27155
poa,4,3432
fib,4,853
kyt,4,1198
lcr,4,6061
wyf,4,875
zpa,4,39940
zpe,3,2407
imt,4,589
bma,4,6271
utw,4,6726
vue,1,9475
yze,4,3973
clu,4,90399
mof,4,32339
eip,4,8416
eis,4,369947
imz,4,823
eit,4,220512
eiw,4,876
eiv,3,5992
owc,4,1244
eiz,4,4621
stc,4,22217
fio,4,26374
eia,4,12177
eic,4,106171
eib,4,72259
eie,4,63059
uom,4,4980
eig,4,149029
eif,4,63678
hdo,4,1376
eih,4,2408
uol,4,2596
eim,4,86004
eil,4,319014
ein,4,715924
uxt,4,8445
yh,4,33688
ivl,4,1589
ivn,4,3760
yk,4,167627
ivk,4,2436
uxf,4,435
ced,3,75319
uxb,4,1627
ivr,4,2496
mwi,4,844
uxo,4,431
uxl,4,539
lyn,4,260253
uxi,4,1887
pap,4,52732
paq,4,14494
lyo,4,112204
pav,4,24304
paw,4,18516
pax,4,13983
paz,3,28453
iek,4,11872
paa,4,1934
tic,4,113648
paf,4,4069
wub,4,479
pah,4,10609
paj,4,1741
yc,4,147861
cs,4,69474
pao,4,18222
oio,4,820
oim,4,555
oil,4,13484
oig,4,12855
oie,4,19044
dka,4,1318
zzl,4,5871
oib,4,980
oia,4,13921
yd,4,617350
wpo,4,4225
eyl,4,10193
oix,4,7606
wpe,4,576
yks,4,7451
eth,4,182342
tiy,4,401
tiz,3,222246
jsk,4,1083
ccu,4,140558
uju,2,512
mz,4,4013
yha,4,5258
uht,4,469
hke,4,16257
yhe,4,10575
dtf,4,635
cco,4,402405
okb,4,959
cci,4,129339
cch,4,42467
cce,4,2612
ozn,4,13364
cca,4,453860
yhu,4,5712
lb,4,789885
gki,4,4793
bou,4,228984
gde,4,24006
gdi,4,2721
ejl,4,603
gdo,4,39511
mys,4,2827
cw,4,38703
uhy,4,614
naw,4,31109
amh,4,1110
psi,4,437
amm,4,357234
moq,4,1219
psa,4,2119
mow,4,30792
mov,4,1921
pse,4,34540
moj,3,11917
amz,4,1737
moc,4,35346
moa,4,13557
amr,4,28289
mog,4,7790
psw,4,623
pst,4,27372
zle,4,45471
ors,4,316953
wbu,4,4286
zla,4,8207
zlo,4,14731
ynk,4,2439
zli,4,1670
wbe,4,21891
fet,4,48559
wba,4,3835
wbl,4,449
gje,4,583
wyk,4,3545
yng,4,967
ezy,4,652
ezz,4,6221
ezu,3,2073
rpf,4,486
ezp,3,823
ezq,3,427
ezm,3,6969
ezn,4,2789
ezh,3,473
ezi,4,11014
ezd,4,397
tva,4,1187
eza,3,88984
ezc,3,6031
kme,4,8389
cp,4,70272
kma,4,256729
dds,4,9354
ddr,4,1057
ddu,4,11152
rpl,4,11249
ddo,4,83033
dda,4,53753
rpn,4,434
hne,4,228897
dde,4,205687
nmu,4,1145
tdo,4,998
icl,4,3524
tde,4,1395
nmy,4,484
ynt,4,18723
nme,4,20146
ldb,4,34927
nma,4,68444
hnd,4,2023
acc,4,69288
acb,4,1889
myi,1,663
acg,4,6382
acf,4,6646
acd,4,53723
dzi,4,24194
of,4,696863
dzk,4,1248
sig,4,53020
als,4,279125
acn,4,4502
acm,4,7874
acl,4,33646
acs,4,35560
acp,4,7264
acw,4,746
dzw,4,1203
act,4,6735
dzy,4,545
acz,4,20006
acy,4,83786
sry,4,1865
bbe,4,97056
myh,4,3543
fna,4,2749
bje,4,2618
bjo,4,9785
het,4,124304
lof,4,62858
lod,4,30630
hes,4,485784
loh,4,30445
loi,4,22660
hex,4,3049
hey,4,135298
hez,3,442901
ehy,4,7135
hed,4,69555
hee,4,325172
hef,4,77392
heg,4,22527
ehb,4,4050
hea,4,518029
heb,4,55015
eha,4,133797
loz,3,72638
hem,4,73497
lox,4,1602
ehm,4,87487
heh,4,6481
hei,4,267364
hej,4,603
ehi,4,7782
jub,4,1370
mqu,4,13181
rju,4,842
jua,3,74960
jud,4,50090
svo,4,5555
zne,4,4153
sst,4,618
dvo,4,9471
jum,4,8186
zbi,4,3277
rje,1,3948
jut,4,1340
juu,4,426
sik,4,29003
gga,4,55892
oeb,4,22418
svi,4,500
dve,4,1806
ohl,4,103280
ohm,4,35908
cba,4,2529
uig,4,25882
af,4,744044
ohd,4,7004
uih,3,1220
uik,4,3002
uij,3,10097
uim,4,9872
skl,4,842
rvl,4,421
uip,4,3612
au,4,3130862
ohy,4,1689
uiv,3,27283
ohu,4,16653
ohw,4,1218
ohr,4,60085
ohs,4,5727
yoo,1,21416
yom,1,403
igt,4,7934
otn,4,13696
yoh,4,5264
yoe,4,1043
yod,4,44740
yoc,4,15605
ige,4,133256
igd,4,14925
myn,4,2680
unl,4,62632
hmu,4,10831
yow,4,6231
ign,4,62287
igm,4,19892
yot,4,6481
yop,4,1491
cbu,4,2814
hwo,4,17882
otc,4,9232
hwi,4,17034
ouc,4,153052
hwe,4,47946
hwa,4,167331
gon,3,933271
oyu,4,824
wga,4,461
hms,4,2285
cpi,4,1084
rxl,4,435
cpa,4,2636
zqu,3,131046
rxe,4,437
cpe,4,8075
izh,3,455
boe,4,71244
icz,4,30674
wgo,4,497
ngp,1,438
ldh,4,14956
mny,4,633
ptm,4,1471
sci,4,49803
sch,4,2142030
tni,4,4927
edc,4,1778
rx,4,10276
hmk,4,1866
roj,3,83825
mni,4,919
rok,4,19468
scy,4,797
goc,4,2334
aly,4,98379
alw,4,6084
gob,4,21740
alr,4,13751
mne,4,27614
edg,4,136970
izp,3,958
tz,4,1521632
zmo,4,671
ty,4,756527
tv,4,6093
tw,4,211036
tt,4,6449152
ajj,4,2447
tp,4,24886
bog,4,89541
tn,4,286282
tm,4,452067
tj,4,28405
hmb,1,678
llr,4,21675
td,4,2393
tb,4,44230
llq,4,736
wme,4,893
zmu,4,1073
mpf,4,21243
iuk,4,466
mpe,4,82172
ium,4,1479
iul,4,7905
uws,4,452
fas,4,20680
mpl,4,101797
mpm,4,2757
faw,4,11687
fat,4,16723
mpi,4,36883
uwk,4,429
gou,4,91424
uwi,4,794
iuz,4,930
mpr,4,1504
rof,4,69543
mpp,4,2770
got,4,43139
ius,4,45607
faa,4,1018
faf,4,6688
iut,4,1148
uwe,4,7037
mpy,4,530
wsa,4,401
hya,4,21896
wsb,4,3727
hyd,4,36526
hye,4,3161
wsh,4,2367
wsk,4,378712
hyl,4,17494
ge,4,4761410
hyn,4,18920
hyr,4,999
hys,4,6500
pba,4,804
hyu,1,1796
wsw,4,1076
edv,4,2343
oue,4,24305
sbr,4,10291
tej,3,26461
tek,4,15143
tem,4,104745
ten,4,539267
nbr,4,22005
tec,4,25715
ted,4,49366
tee,4,207615
tef,4,59557
lss,4,6819
rop,4,96218
nbi,4,3098
nbo,4,47686
nbl,4,13561
mmy,4,1315
nba,4,107591
tet,4,61514
nbe,4,267904
xot,4,646
abc,4,21769
suc,4,15582
abe,4,292706
xop,4,463
rot,4,252857
abk,4,399
abl,4,73010
hde,4,10049
rou,4,446246
abp,4,788
mmu,4,1874
suu,1,868
abs,4,17988
abt,4,27889
rov,4,144196
sup,4,20422
xol,4,431
xom,4,1792
puf,4,4016
suy,4,1350
eid,4,348823
ggu,4,1028
ggr,4,3108
ics,4,6822
ggy,4,464
sku,4,1483
gge,4,157832
uny,4,19814
ggl,4,33228
ggo,4,18872
eij,3,5308
mml,4,1094
uts,4,73088
udw,4,26283
vib,4,1006
kuk,4,5323
rkp,4,26155
mc,4,4190023
rkr,4,1220
vij,3,878
vik,4,3418
vih,4,3221
sbe,4,70215
vio,4,15828
tsh,4,13055
rkd,4,1116
mme,4,507656
vip,4,1219
rkg,4,962
rka,4,18016
vit,4,104492
viu,4,1518
viz,3,18239
rkm,4,55162
rkn,4,7424
rko,4,41984
rkh,4,74593
bys,4,2529
rkk,4,819
eya,4,9629
eyc,4,20248
ksi,4,556
eyd,4,7894
eyg,4,614
yve,4,3564
eyi,4,802
eyh,4,1872
eyk,4,406
twi,4,46877
eym,4,36834
two,4,67073
eyo,4,8255
sbo,4,109129
eyp,4,757
udu,2,1891
asm,4,49104
eyv,3,19243
twy,4,475
rtr,4,48938
yva,3,19243
isz,4,9676
wke,4,15767
isy,4,2616
ouf,4,11329
avr,4,10726
uhd,4,409
kle,4,590773
dez,3,1184691
kla,4,148041
dep,4,47118
klo,4,36870
jda,4,2844
deu,4,20393
dev,4,159936
yvi,4,1217
klu,4,38923
dek,4,23738
jdy,4,527
dem,4,205310
jdu,4,834
dea,4,301372
gqu,4,5867
dec,4,122944
dee,4,81294
def,4,38101
hhu,1,558
abb,4,134368
fal,4,137221
swh,4,1601
msp,4,407
wlu,4,901
hhe,4,1565
hhi,1,602
hho,4,12826
edb,4,27374
ryn,4,5642
cso,4,16990
rym,4,40034
csi,4,1689
csh,4,8772
xue,1,1447
ryf,4,427
ryg,4,2046
ryd,4,30555
rye,4,72784
ryb,4,14058
fle,4,329916
vla,4,6255
oym,4,485
oyl,4,192695
ryx,4,837
ryy,1,447
ryv,4,660
ryt,4,466
ryu,1,1473
oyc,4,66785
rys,4,31634
css,4,806
fp,4,1946
fq,4,708
fs,4,60020
ft,4,253315
bka,4,1104
our,4,360540
fy,4,50565
bko,4,807
bki,4,954
fb,4,957
fc,4,6266
ff,4,2130538
fg,4,4611
fh,4,1945
fj,4,843
fk,4,14039
fm,4,312749
fn,4,55531
rud,4,107049
egy,4,1133
lha,4,31296
egs,4,4158
isg,4,1164
hfu,4,894
lhi,4,13994
egt,4,1138
hfi,4,33519
lhu,4,494
egh,4,7018
egn,4,24349
egm,4,11854
egl,4,67714
egb,4,4685
egg,4,121175
egf,4,3698
ege,4,236881
itn,4,46334
eaf,4,12592
itl,4,68394
itm,4,76679
itj,4,477
itk,4,18860
ffy,4,42783
uvr,4,613
fft,4,3926
itb,4,5521
ffp,4,1946
ffo,4,145335
uvi,4,15734
ffm,4,254459
ffl,4,49570
itz,4,425367
ity,4,24671
itv,4,1239
itw,4,20300
itt,4,1080987
ffc,4,4172
its,4,53692
ffa,4,31337
pcz,4,702
wra,4,19988
wro,4,23741
juh,4,4063
pch,4,9736
wru,4,1413
wrz,4,1716
wry,4,34562
uhf,4,412
cef,4,5171
cee,2,547
yj,4,2288
ym,4,242123
okw,4,725
dim,4,51854
uhn,4,45889
rwi,4,109580
cem,4,2999
uhm,4,4571
cek,4,31825
cej,3,12704
rwo,4,136919
cew,4,12555
yx,4,1652
ceu,4,1992
cet,4,29105
uhr,4,23921
uhs,4,1685
yq,4,1749
yp,4,19853
okk,4,2794
oko,4,27484
dii,4,969
ift,4,62580
ifu,3,13139
ynn,4,156137
ynh,1,42088
yni,4,14932
ifr,4,5417
ifs,4,3244
ynd,4,12608
evo,4,40764
ync,4,114448
ife,4,77886
iff,4,539012
dae,4,410
ifl,4,6418
ifn,4,831
yns,4,17443
ifh,4,513
ifk,4,2047
dig,4,65773
umh,4,3049
gfr,4,3698
apf,4,4875
gfa,2,2091
gfe,4,7866
iza,3,80895
fts,4,2242
izc,3,6893
ftu,4,7916
ize,4,74503
fty,4,1080
izi,4,5142
omr,4,1844
izk,4,1428
imw,4,483
izq,3,4251
izr,4,2143
fte,4,6687
izv,1,1910
fti,4,13020
fth,4,574
izz,4,74113
ass,4,661188
pum,4,6744
asq,3,239212
puo,4,648
puh,4,1469
pui,4,10414
sbu,4,70468
pud,4,1300
asz,4,17800
asy,4,5668
kok,4,7250
puc,4,35123
asb,4,21107
sba,4,20868
mmi,4,143263
puy,4,4681
ase,4,319706
asd,4,5910
put,4,52381
kom,4,6549
asn,4,14893
pur,4,128264
kol,4,82260
wlt,4,7931
iom,4,603
wli,4,86176
wlo,4,15093
iok,1,2992
twe,4,53634
wld,4,604
koc,4,68004
ioj,3,4684
zn,4,26978
iog,4,590
rrl,4,400
tot,4,50667
oir,4,25869
oiv,4,2600
kof,4,12786
zi,4,636438
koh,4,52610
jep,4,5959
oit,4,29984
jev,4,438
jew,4,52299
koo,4,49313
kox,4,1734
jez,4,2290
oaz,4,3137
jex,4,810
koe,4,87625
gpa,1,394
kog,4,10402
dfr,4,28422
dfl,4,703
koz,4,34034
dfi,4,13028
ioa,4,412
jed,3,31233
jee,1,5666
dfe,4,11166
jek,4,2859
jeh,4,585
jei,2,544
dfa,4,4629
ueg,4,46533
opy,4,1766
kov,4,53481
tfl,2,1357
ncz,4,6531
cfe,4,7462
roh,4,79954
tfe,4,3027
odt,4,2564
nct,4,2319
ncu,4,17305
udk,4,7891
nck,4,39323
zb,4,13906
kop,4,42549
zyb,4,5848
cly,4,9141
ueb,4,25456
kos,4,60976
wyr,4,6805
dtk,4,13306
aad,4,7384
aag,4,13349
aaf,4,8245
ssm,4,80201
dtm,4,427
aab,4,15760
stl,4,78239
aal,4,5276
stn,4,25018
aan,4,10786
aai,4,445
aah,4,818
aak,4,7984
stk,4,1696
aat,4,12214
aav,3,13358
stp,4,18898
aap,4,2710
aas,4,69393
aar,4,39900
dts,4,2645
sty,4,53157
stz,4,553
odm,4,86197
vae,3,8464
zz,4,233934
zyk,4,28355
hj,4,4039
kuy,4,10268
my,4,335170
bhu,1,1824
toa,4,1313
vaz,3,104318
lif,4,160110
odc,4,8616
kow,4,190114
lib,4,37637
zyw,4,1629
lil,4,92424
zp,4,42347
efr,4,14666
lio,4,236509
lih,4,15996
efu,4,1449
ode,4,373716
hgo,4,897
wyd,4,935
efl,4,17836
liq,4,1837
efn,4,9766
omy,4,2046
efa,4,29368
efc,4,1679
efe,4,138349
wyb,4,1367
kac,4,19376
kab,4,16489
kaa,4,2446
zyp,4,483
kae,4,6804
tfa,4,12968
kai,4,50629
kao,1,6030
tlu,4,3752
kal,4,61712
kas,4,83905
kar,4,183640
kap,4,50222
opf,4,17435
kav,4,11482
rho,4,177721
rha,4,148016
kay,4,91343
rhe,4,39216
bac,4,237131
exf,4,1422
kb,4,55742
tpe,4,2574
kg,4,962
pg,4,3047
tpa,4,867
exn,4,4048
exo,4,463
exl,4,13045
ko,4,1035379
kn,4,615375
exh,4,568
tph,4,12192
kr,4,595856
ext,4,64825
kp,4,27974
exr,4,4939
exs,4,621
bza,4,606
nyc,4,1281
ky,4,104847
wyh,4,459
bzi,4,397
cde,4,38983
ojt,4,4410
ugh,4,1253713
ugo,3,36888
ugn,4,1181
ugm,4,3026
rtm,4,99970
ugb,4,1594
rtn,4,97729
ugf,4,516
uge,4,77868
ugd,4,2007
rtt,4,9974
ojd,4,527
oje,3,17259
ojc,4,14119
oja,3,96569
ojn,4,4916
ojo,3,37460
baa,4,5900
ugw,4,630
ojk,4,1136
oji,3,11751
iey,3,2257
ymp,4,7236
iea,4,1639
ies,4,288470
iew,4,39597
bfl,4,641
yma,4,112571
bfr,4,516
ymc,4,1534
ymb,4,424
yme,4,24692
ymi,4,4168
iec,4,42732
ieb,4,88669
ymm,4,1021
ied,4,149985
ymo,4,87158
ief,4,40412
hip,4,166789
std,4,1395
hiu,1,13194
hiv,4,27410
ste,4,3000552
hix,4,18160
hiy,1,1041
stf,4,15474
hib,4,70663
stg,4,9751
hie,4,216819
dau,4,84776
hih,1,5415
hii,1,1918
hik,1,4119
hio,4,24684
oxx,4,577
rfu,4,996
tco,4,16500
cry,4,9334
ocq,4,503
oxs,4,3091
oxm,4,512
oxn,4,1019
oxo,4,3296
oxh,4,1415
rff,4,15691
rfe,4,20689
stm,4,60141
rfk,4,394
oxf,4,4560
cri,4,161331
rfo,4,63409
cro,4,586813
rfm,4,1331
arp,4,444351
set,4,133580
aru,4,56767
arw,4,51739
arx,4,9841
ozd,4,3585
sex,4,46865
see,4,77578
oze,4,28320
stj,4,21826
seo,1,4324
sen,4,1415524
sem,4,61813
sel,4,651871
sek,4,25278
sei,4,97653
seh,4,5901
zko,4,8752
woy,4,693
zki,4,1795
stu,4,238882
wou,4,1436
zke,4,9835
wow,4,854
wov,4,411
zka,4,4960
wor,4,402621
wol,4,273571
stw,4,13577
zky,4,615
wok,1,4652
woj,4,19816
woe,4,8236
wog,4,1409
woc,4,615
wob,4,2179
iks,4,10610
ikr,4,667
ozm,4,4629
iku,4,7664
adw,4,56473
wla,4,61433
roe,4,232402
fgr,4,4611
uul,4,426
uun,4,477
ike,4,137325
ikk,4,8602
gmo,4,8751
iki,4,7742
iko,4,23811
ikm,4,950
ikl,4,6758
pdy,4,1673
ozw,4,2095
wlb,4,1698
ozt,4,412
pl,4,682748
igu,3,959405
pde,4,3115
gma,4,76183
pda,4,613
hko,4,2817
oph,4,52428
oyt,4,27643
geh,4,26979
tga,4,1874
gme,4,441
tge,4,14576
opi,4,13022
swi,4,115760
xay,1,476
duj,3,4534
pw,4,5249
swo,4,142277
duo,1,18404
swa,4,267947
xas,1,1201
dud,4,57940
xau,4,548
duf,4,105605
dug,4,64609
swy,4,1467
duy,4,1983
pf,4,115990
xam,4,657
pd,4,5401
ska,4,59750
xac,3,450
dut,4,44660
duv,4,29718
duw,4,550
wle,4,332074
gax,3,1982
udy,4,23007
nra,4,54571
hbo,4,9243
gap,4,2012
gaj,4,3771
gah,4,12469
gag,4,63346
nrr,3,1154
gac,4,7742
gab,4,61730
nru,4,8730
sfo,4,32412
adm,4,13582
iya,1,12036
fus,4,44303
mle,4,79978
nhu,4,6966
mli,4,63284
mlo,4,1377
hbe,4,23498
fue,3,86656
fuc,4,14652
mlu,4,397
fuo,4,613
ppa,4,74996
mly,4,399
fuj,1,6464
fuk,1,4991
fuh,4,11103
vod,4,523
voe,4,14770
aa,4,260130
vog,4,61385
voa,3,3263
vob,4,5555
voc,4,644
vol,4,57742
bot,4,155846
rit,4,444307
voo,4,13758
voi,4,30431
mox,4,5132
vok,4,523
vot,4,13658
vou,4,2645
vow,4,2769
rij,3,7006
bov,4,11397
vos,4,51156
rie,4,767688
voy,4,26528
ewn,4,3501
ewm,4,105474
ewl,4,17881
ewc,4,24193
ewg,4,870
ewf,4,503
ewe,4,284834
ajk,4,6584
tqu,4,1001
ewy,4,869
ewr,4,2962
ewq,4,807
ewp,4,4225
ewv,4,676
nle,4,375904
syb,4,743
sya,4,4590
mop,4,470
syf,4,395
dgd,4,2320
dgk,4,4793
dgi,4,16423
dgo,4,3429
sym,4,8937
dgm,4,4093
dgr,4,33595
syr,4,1378
dgp,4,972
lig,4,148482
dgw,4,7845
dgu,4,405
pn,4,16220
amf,4,3936
kno,4,143097
ayd,4,57443
gst,4,118957
gsw,4,33696
kne,4,157842
kna,4,70479
ufn,4,3349
gsc,4,401
vya,1,2058
gse,4,6647
gsd,4,24633
vyd,4,586
gsf,4,448
gsh,4,7607
knu,4,45792
gsm,4,667
gso,4,18461
uzl,4,615
efs,4,9274
ldf,4,4464
ldk,4,1318
uhl,4,44264
wot,4,2162
ldn,4,6727
ldm,4,64112
hje,4,2530
ldr,4,175008
ldp,4,859
ldv,4,978
sfi,4,30072
ldt,4,20385
hjo,4,508
lik,4,57237
hji,4,1001
rgq,4,3903
cut,4,98492
rgt,4,401
rgw,4,414
rgy,4,2565
cuz,4,1636
amt,4,559
cug,4,588
apr,4,16537
rgb,2,544
cud,4,18240
cuc,4,9082
moe,4,39530
rgf,4,604
uze,4,8149
cuo,4,5009
rgi,4,72162
cum,4,158012
cul,4,198665
rgl,4,7743
rgm,4,26987
rgn,4,6150
edl,4,91794
bik,4,1796
bih,4,1319
bif,4,1424
big,4,70931
bid,4,24740
bie,4,90565
bic,4,58436
uzb,4,1731
bix,4,9959
mh,4,12251
wbr,4,12537
bit,4,82605
uzc,3,4917
bir,4,104944
bis,4,199494
hge,4,2012
eez,4,10091
eeu,4,3176
eet,4,181676
eew,4,648
eev,4,106465
fba,4,957
ees,4,213919
eer,4,174545
eel,4,460465
pke,4,14846
eeh,4,57062
eek,4,166568
usb,4,33205
eeg,4,32469
eef,4,43955
eec,4,78844
eeb,4,41666
oev,4,1754
uzz,4,31577
apm,4,124614
vne,4,6164
sfe,4,853
gok,4,1649
ohe,4,140417
ija,3,24731
ije,3,8897
ijj,1,509
oav,4,527
vna,4,517
pez,3,637271
pet,4,729586
peu,4,1044
pev,4,2366
pew,4,9780
pep,4,43701
cog,4,42170
pel,4,280138
pem,4,14604
peh,4,4816
pek,4,6605
pee,4,100969
pef,4,2210
peb,4,640
pec,4,84843
cgi,4,85331
fef,4,5350
bf,4,1157
bg,4,2537
run,4,223697
cgl,4,20931
bb,4,1009975
bc,4,22759
cga,4,40456
bm,4,6271
zzu,4,6056
ufc,4,415
oew,4,7937
use,4,414836
bj,4,12403
bk,4,7726
bt,4,27889
bv,4,5991
usd,4,2063
bp,4,788
oen,4,82092
oem,4,41054
oel,4,90393
rur,4,10626
usc,4,72865
rup,4,58369
cgr,4,107991
uft,4,3839
ruw,4,1172
bz,4,1003
ruu,4,1937
uff,4,381971
rhi,4,24440
ahl,4,155250
ylu,4,1394
chf,4,39799
idy,4,33356
idw,4,37558
idt,4,158680
ids,4,110611
idp,4,489
bgo,4,2537
idn,4,18069
chh,4,18320
idl,4,44369
idm,4,31868
idj,1,606
idk,4,4582
idh,4,9704
idi,4,28878
ejk,4,2021
ide,4,462909
idc,4,859
sua,3,54017
nsh,4,88305
nsi,4,40618
nsk,4,205571
nsl,4,120105
nsm,4,27669
gog,4,8450
faz,4,13880
chl,4,119247
nsb,4,40110
nsc,4,34487
ovv,4,1200
nse,4,641992
nsf,4,41536
fek,4,3236
nsy,4,484
nsz,4,750
kdo,4,515
chn,4,177548
bse,4,19832
nsp,4,4588
lfu,4,676
nsr,4,1540
nss,4,18781
nst,4,333742
nsw,4,29839
usw,4,2277
mke,4,18458
ixn,4,1178
mka,4,872
mko,4,8009
chr,4,569162
mki,4,7367
fzi,4,2197
chs,4,61767
bsb,4,1273
uss,4,587365
bsc,4,1223
usr,4,2955
wnb,4,3170
aqv,1,912
wnf,4,4013
usq,4,3033
wnd,4,514
sut,4,158526
wnh,4,436
chw,4,186973
wno,4,2279
wnr,4,680
pwe,4,1547
chy,4,11013
wnz,4,395
pwo,4,3181
sdo,4,22260
sdi,4,3805
cic,4,27527
utc,4,204044
cia,3,1103864
msd,4,8690
utf,4,815
ux,4,173881
ute,4,76290
cik,4,13583
utk,4,14175
uw,4,13648
cih,4,1136
utn,4,26375
up,4,355882
us,4,2771947
utm,4,28287
um,4,1450060
cir,4,16897
utp,4,5121
cip,4,15957
zhe,1,13896
uh,4,193800
ciu,4,6735
cit,4,9239
utz,4,101337
ciz,4,829
ug,4,1806106
uf,4,503656
zao,3,532
zho,1,14181
kdy,1,438
lyt,4,27483
lyv,4,626
lyw,4,1680
lys,4,6000
dof,4,1861
rhu,4,5092
lyd,4,15252
lye,4,39157
lyg,4,434
km,4,300101
lyb,4,4355
lyc,4,1362
lym,4,17965
zal,3,832528
kl,4,1099987
lyk,4,10179
naa,4,6304
nag,4,137262
nae,4,3790
nah,4,120728
grz,4,5285
nao,3,3823
jcz,4,2898
nam,4,88206
nap,4,104933
doy,4,90943
jca,4,458
nau,4,102008
gro,4,387490
jch,4,1244
jci,4,15402
kv,4,913
kir,4,271266
ku,4,417590
msl,4,13030
fje,4,843
suj,1,729
aht,4,1761
kif,4,7060
dop,4,4478
agn,4,269357
agm,4,3730
agl,4,169550
xby,4,4672
agh,4,115179
agg,4,194810
age,4,507384
sve,4,11650
agc,1,690
oov,4,63364
agy,4,23176
tmy,4,1281
agw,4,12734
iia,4,449
rkt,4,409
agt,4,1023
ags,4,19481
kip,4,21634
agp,1,394
gw,4,66057
bvr,4,5991
eda,3,253362
edf,4,43093
qvi,1,912
gq,4,5867
edk,4,1960
edh,4,13626
edn,4,15442
gy,4,30108
gg,4,1000416
eds,4,34869
zah,4,13023
gd,4,78387
gc,1,690
gb,4,68933
edt,4,10321
edu,4,8012
edz,4,4548
gn,4,377996
gm,4,93210
gl,4,1376543
gk,4,4793
gj,4,583
lkn,4,42162
lko,4,22472
lkl,4,2179
lkm,4,4530
lki,4,176624
whn,1,657
lkb,4,548
lka,4,16043
lky,4,466
lkw,4,617
uso,4,204263
vli,4,26805
fly,4,68566
cdo,4,336020
vlo,4,3146
ufr,4,7948
vlc,4,663
vle,4,6916
cdi,4,2380
rtk,4,5060
tmi,4,9669
rtj,4,743
evl,4,14041
owk,4,5393
trn,4,1514
evc,4,1839
rtw,4,42320
try,4,86529
evy,4,40630
trz,4,6305
evr,4,18618
urp,4,329887
zl,4,71131
odz,4,6321
ulq,4,733
zh,1,89174
ueh,4,35245
uek,4,1236
zk,4,27385
odp,4,2504
ze,4,809125
odr,3,934148
zg,4,104173
uea,4,1764
goz,3,23461
uec,4,19319
odw,4,149416
odh,4,11656
ugs,4,3840
odk,4,3702
uex,4,1708
odn,4,26762
uez,3,1437021
zt,4,1782
zv,1,1910
uev,3,125146
odd,4,174070
uep,4,1034
odf,4,41915
zs,4,14523
bde,4,4752
ycz,4,1091
ulk,4,91348
ycr,4,4236
cna,4,86352
ycu,4,20468
pko,4,5610
yck,4,15641
yco,4,14618
uln,4,3373
yca,4,2082
rtz,4,223109
yce,4,77994
pma,4,156986
ozg,4,506
leb,4,115210
lec,4,78686
ozb,4,1686
ozc,3,45289
lef,4,83386
oza,3,391417
leh,4,85842
lei,4,248433
ozl,4,12490
lek,4,20281
lel,4,71602
lep,4,33418
leq,4,556
ler,4,3653146
muf,4,1624
ozs,4,394
lev,4,268885
xro,4,4939
lez,3,682684
hka,4,395
ozz,4,22107
ozy,4,847
rdt,4,97412
rdw,4,30161
rdq,4,2087
gow,4,71445
ulf,4,14108
rdz,4,451
rdg,4,4431
ilz,4,2855
raa,4,16183
cta,4,3532
rdb,4,2663
rdm,4,30785
rdl,4,28531
rdi,4,281954
cti,4,5395
rdj,4,438
wif,4,24495
wie,4,111103
wid,4,35007
wic,4,196473
wib,4,3095
wia,4,22818
wio,4,564
win,4,784876
app,4,324515
sgr,4,24911
wik,4,9587
apw,4,592
wih,4,2405
sgi,4,567
wiv,4,410
wit,4,290574
apn,4,1092
wir,4,30844
sgo,4,15053
wip,4,439
sga,4,914
udr,4,37631
sge,4,3152
apg,4,2288
apd,4,1087
wix,4,6022
usg,4,11524
ocy,4,459
zit,4,6267
ziu,4,1019
zir,4,3417
zis,4,969
zip,4,3634
chg,4,615
fen,4,125498
usn,4,2117
fem,4,603
fej,4,480
chm,4,375173
usi,4,53388
ush,4,249708
zif,4,558
zig,4,8540
zid,4,532
vuk,4,1755
cht,4,166220
zic,4,13852
chv,4,1179
zia,4,25173
zin,4,63447
zio,4,31944
zim,4,112936
zik,4,9292
fey,4,76433
pfa,4,11805
pfe,4,48850
iis,4,474
pff,4,537
pfi,4,8774
pfl,4,6002
kua,1,3266
hre,4,199275
ndj,4,404
pfu,4,676
dze,4,1641
iio,4,969
duc,4,61391
ppm,4,2358
tcr,4,1041
ocu,4,20337
ahe,4,100583
ndn,4,8818
syp,4,1638
og,4,1015788
enn,4,1289271
uys,4,2415
oe,4,919890
tau,4,47200
fei,4,58830
dl,4,916493
sro,4,13988
tae,4,2473
tag,4,101381
taa,4,10308
tac,4,99404
xcy,4,610
ysh,4,2542
cni,4,13119
taj,4,1211
gca,1,690
xna,4,2480
afn,4,5727
sip,4,23635
siw,4,1162
afk,4,1753
afe,4,82889
syv,4,2278
dwy,4,29997
sic,4,64000
chk,4,19327
ndz,4,460
eft,4,13525
aft,4,99352
xne,4,3196
sih,1,1163
dwo,4,17065
afs,4,28398
afl,4,20266
npi,2,2584
nph,4,7698
npe,4,9432
edp,4,734
sru,4,1540
npa,4,3824
xni,4,569
tpi,4,9253
ovn,4,590
sit,4,71077
hum,4,245466
fug,4,13182
ndw,4,3356
zf,4,11152
siz,4,22603
ndv,4,2271
usl,4,16803
aff,4,341667
kbi,4,1744
hif,4,31909
kbl,4,421
owl,4,378607
jny,4,430
kbe,4,4408
jna,4,3828
kby,4,412
uwa,1,1337
kbr,4,3150
jni,4,1796
jno,4,658
kbu,4,39422
eum,4,30631
eul,4,6148
tsl,4,2492
tsm,4,11505
eui,4,2092
tsk,4,5669
euk,4,1050
euj,2,512
eue,4,22151
byw,4,988
euf,4,6798
lj,4,774
tsc,4,63559
lh,4,169434
tsa,1,19224
lt,4,1942901
eux,4,23136
euz,4,1242
tsw,4,2241
tst,4,8588
euv,4,5658
lz,4,153382
eup,4,1136
lx,4,5413
eur,4,51349
bav,4,849
daf,4,5339
dag,4,30839
daa,4,398
huh,4,12103
lzs,4,501
dah,4,66129
dai,4,92459
lzw,4,2394
dak,4,16338
lzi,4,3312
lzh,4,1657
bau,4,401566
lzm,4,6751
lzl,4,536
lzo,4,5610
lzn,4,412
lzb,4,617
lze,4,39986
lzg,4,474
edq,4,435
urc,4,180443
dwi,4,241122
env,4,4346
baq,3,1152
fag,4,25850
ixb,4,3949
kpa,4,26645
uhe,4,3610
nft,4,3877
kpo,4,1329
lfe,4,109882
lfg,4,1584
lff,4,21321
rpt,4,1091
hly,4,1933
oul,4,203901
hlw,4,509
lfl,4,1409
hlu,4,7954
zc,3,79609
hlr,4,415
hlq,4,3919
udf,4,1204
hlo,4,21078
hlm,4,24399
oux,4,27064
hlk,4,4495
bax,4,57323
hli,4,161174
hlh,4,2358
hlg,4,6488
hlf,4,4607
hle,4,259016
oup,4,31281
ouw,4,5009
hlb,4,8236
hla,4,33077
out,4,275932
cwy,4,422
tou,4,91740
rex,4,19616
vch,4,1986
vci,4,785
rej,3,43366
rek,4,46435
reh,4,61933
rei,4,594062
jof,4,1575
rem,4,121757
reb,4,46117
rec,4,137407
ref,4,23484
oxi,4,1691
hut,4,219027
aol,4,15107
ecc,4,19138
kst,4,58835
vak,4,42983
quy,4,753
ecn,4,2658
ecl,4,12376
eck,4,719806
ech,4,251211
ecv,4,431
ecu,4,6136
ecs,1,572
ecr,4,12430
ehr,4,114266
ecz,4,7752
lts,4,31704
ltq,4,1001
rcz,4,11554
ltz,4,253069
lty,4,32740
vam,4,445
oxa,1,1201
zzy,4,1180
ltb,4,2812
ltg,4,2185
ltf,4,462
lte,4,322725
vac,4,47503
ltk,4,1445
oyb,3,6263
lth,4,26683
rrs,4,8909
ltn,4,15841
ltm,4,36813
ltl,4,927
ihy,4,2895
pga,4,2288
ihr,4,1730
yhr,4,2992
ihu,3,2663
ihi,4,3619
ihn,4,1809
iho,4,1066
ihl,4,3973
ihm,4,1407
iha,4,28753
ihf,4,524
ihd,4,763
ihe,4,6951
ehf,4,835
ixd,4,450
udg,4,39242
uho,4,7092
ehg,1,736
lop,3,681725
kul,4,38772
vay,4,9688
man,4,5300971
zy,4,91041
rsm,4,15163
rsn,4,824
udv,4,449
lot,4,114676
udt,4,8911
ghu,4,10002
rsd,4,7665
rse,4,345325
rsf,4,1998
rsg,4,842
ogs,4,20440
rsc,4,57408
udb,4,1427
cyb,4,1296
ogo,4,8964
ogn,4,10627
ogi,4,10625
ogh,4,21012
rsz,4,931
eho,4,34339
rst,4,260192
ogd,4,32227
ogg,4,128612
cyo,4,797
cyn,4,666
udm,4,3439
bej,3,6608
bek,4,9668
beh,4,48603
ibo,4,37794
beo,4,585
bem,4,8323
bec,4,365163
bea,4,495788
bef,4,566
cli,4,199896
bee,4,184988
nuc,4,17559
ybi,4,6887
ybk,4,641
ybl,4,1367
ber,4,3349820
ybb,4,486
bew,4,397
beu,4,4541
buz,4,11184
juc,4,459
zno,4,564
bux,4,8180
ghy,4,4209
utg,4,744
ke,4,7199358
ghd,4,545
mik,4,38517
mij,3,11217
mio,4,2378
ghe,4,450086
arl,4,786208
mic,4,326967
tus,4,54919
mid,4,238553
mif,4,1837
miy,1,8991
bur,4,1560138
miz,4,25556
arn,4,1159205
juk,4,515
mir,3,556316
bup,4,930
gha,4,327366
whe,4,196042
buq,4,1949
wha,4,77331
awy,4,57442
pyp,4,598
awv,4,5331
pyr,4,1708
pys,4,505
pyt,4,762
pyu,1,448
ead,4,394470
awo,4,13125
ghl,4,130996
awl,4,130182
pyl,4,23747
kk,4,31031
awi,4,17723
ghm,4,19537
awg,4,497
awe,4,25525
pyc,4,524
awc,4,10065
awb,4,4439
cke,4,1606977
ckd,4,4296
urf,4,20317
urg,4,313239
cka,4,132372
ckb,4,45582
ckm,4,205242
ckl,4,332689
woz,4,11288
cki,4,331314
buh,4,11912
urj,3,484
urk,4,307102
cku,4,8846
ckt,4,16476
ckw,4,133776
kj,4,1297
zw,4,24517
ckp,4,1329
ckr,4,27273
ibd,4,1119
qv,1,912
cky,4,8742
ury,4,135452
urz,4,9201
szk,4,5085
ogb,4,7358
szi,4,1111
szn,4,485
dbl,4,5559
szl,4,808
lsg,4,567
dba,4,3004
szc,4,7949
sza,4,22836
dbe,4,114256
lsd,4,898
sze,4,30603
dby,4,5950
bub,4,6669
szy,4,15456
buc,4,290700
szp,4,439
dbr,4,1362
dbu,4,18501
szw,4,470
szu,4,2971
ngd,4,16256
nge,4,1009024
ksw,2,1252
ngb,4,30171
jay,4,23213
hux,4,3213
jaw,4,10212
ngn,4,3642
jau,3,10939
ksy,4,664
jap,1,395
zq,3,131046
won,1,124071
szo,4,2721
jak,4,11865
jah,4,13218
ksb,4,2983
jaf,4,8898
jag,4,13216
jad,3,14164
jae,4,12837
jab,4,13058
ngy,4,2186
woh,4,8267
tby,4,7048
lvu,4,733
mga,4,32997
muc,4,18730
mge,4,814
xdo,4,450
uti,3,285241
bud,4,24089
zr,4,3028
tbi,4,1959
mgr,4,6207
lsh,4,137842
mul,4,306802
tba,4,1292
tbe,4,8370
muo,4,402
shp,1,1031
aep,1,2653
shr,4,54341
gbe,4,19158
sht,4,15789
dpr,4,445
shv,4,478
aev,4,406
aey,4,1344
aez,3,54058
thh,4,551
shb,4,78119
gbu,4,7845
gbr,4,613
she,4,1137450
aeg,4,25245
aef,4,65577
qi,1,8207
aeh,4,2896
aek,1,3251
shk,4,3054
aem,4,7503
shm,4,56581
aen,3,29784
ebd,4,1061
omc,4,3792
bts,4,655
btr,4,25929
ebl,4,79809
ebm,4,3911
ebn,4,13886
ebh,4,11139
we,4,4688745
iby,4,3737
ebu,4,18974
ebv,4,5991
omg,4,2210
yjo,4,2288
ysn,4,517
eby,4,14768
lur,4,59531
lus,4,78153
lut,4,89284
luu,1,11965
feg,4,5284
luw,1,884
lux,4,6047
lsz,4,5628
dli,4,55900
lub,4,25361
lud,4,45771
luf,4,11004
luh,4,7637
luj,3,20259
luk,4,47828
keo,4,25893
ken,4,765121
kem,4,97528
kel,4,863593
kek,2,920
kei,4,91110
keh,4,17610
keg,4,6062
kef,4,23200
kee,4,291552
kec,4,13329
keb,4,4770
kea,4,106259
vrb,4,555
vra,4,10876
jod,4,1334
kez,4,632
key,4,371339
jog,4,985
kev,4,1542
vri,4,14697
vro,4,6888
gru,4,96279
kep,4,15795
etr,4,136077
ets,4,71964
etp,4,867
etv,4,481
etw,4,15432
ett,4,2321412
etu,4,416
etz,4,208591
oug,4,523142
tly,4,5101
ety,4,2789
iej,4,5201
zbu,4,1528
etc,4,139117
etf,4,1255
enm,4,21817
gti,4,1279
etj,4,2956
etk,4,2461
tli,4,75837
etn,4,3875
etl,4,33758
etm,4,9999
cj,4,2171
rps,4,6347
ucs,4,887
ucr,2,595
cm,4,240832
cc,4,1548317
eua,4,492
omt,4,1567
cg,4,510651
ucz,4,7319
ucy,4,9143
cd,4,497011
cz,4,150585
cy,4,186097
ucc,4,87457
psk,4,4484
uud,4,1460
uco,4,13039
rph,4,315210
ucl,4,3620
uck,4,619698
cv,4,21931
rpo,4,14562
uch,4,339113
bbo,4,92048
tix,4,1149
bbl,4,37924
yay,1,573
bbi,4,130496
yaz,0,16027
yau,4,1816
yat,4,135879
yaw,4,6125
uif,4,461
byl,4,16554
ysm,4,395
yao,1,4592
zby,4,1221
bby,4,16768
yaj,4,1235
yae,4,3495
bbu,4,527
yaf,4,787
bbr,4,1767
yac,4,3077
byk,4,579
oth,4,316184
oti,4,13011
lgh,4,6731
otk,4,4520
lgl,4,1142
unq,4,399
zze,4,29730
pid,4,5000
lga,3,163785
iss,4,313525
otf,4,1154
lge,4,39292
oty,4,21402
otz,4,27831
pif,4,3901
eut,4,31811
lgr,4,22339
cou,4,247478
otu,4,3411
otv,4,2427
otw,4,6009
ysk,4,1136
pix,4,3766
ysi,4,5316
tsu,1,18161
unv,4,471
rby,4,118805
ysl,4,8087
ysc,4,1055
byb,4,4313
rbu,4,48312
rbs,4,9592
yse,4,30300
ysd,4,1912
ysz,4,1752
tsp,4,637
cvi,4,4439
oey,4,4752
rbe,4,320293
cve,4,9250
zfo,4,467
cva,4,8242
llh,4,13569
tja,4,2753
vc,4,2771
vd,4,612
wko,4,429
vg,4,550
wka,4,1491
avu,4,432
vk,4,2436
vl,4,43785
vn,4,6681
avl,4,16774
mya,4,3618
vr,4,48582
vs,4,5815
vu,1,47306
vv,4,1200
tje,4,7657
wks,4,9549
ogt,4,18458
avc,4,932
fki,4,5022
uiz,3,191284
fkn,4,394
fko,4,3668
fka,4,2820
zgr,4,474
zgu,3,509
zgi,4,4317
zgo,4,531
ilr,4,12708
zge,4,94428
cju,4,2171
zza,4,60136
igw,4,456
ilp,4,32059
phl,4,462
iov,4,13285
iot,4,182359
ios,3,181568
ior,4,93682
phe,4,433120
mze,4,823
phy,4,312574
dih,4,425
mza,4,1617
ioi,4,3039
phs,4,6973
iof,4,425
mzo,4,687
ioc,4,2266
iob,4,647
phu,1,9507
igr,4,19879
ofb,4,957
zyg,4,1836
zyd,4,918
ofa,4,11770
off,4,504462
ofg,4,3027
ofe,4,16809
zyn,4,18298
ofk,4,613
zyl,4,3362
zym,4,11253
ofn,4,1882
ofo,4,11341
ofl,4,5695
ofm,4,13646
wyg,4,2269
ofs,4,5617
wye,4,92837
ofq,4,708
zys,4,1136
oft,4,66216
ofz,4,706
wym,4,12265
wyl,4,17236
zyz,4,1972
ibf,4,516
daq,4,641
uyc,4,1520
tgr,4,2420
tcz,4,1540
mfe,4,1005
xel,4,10443
nly,4,4538
mfl,4,486
mfo,4,13651
kke,4,25222
tcl,4,31631
xer,4,2142
hfe,4,2568
tca,4,29888
wec,4,7495
web,4,372855
adt,4,13137
weg,4,21066
ads,4,113929
wee,4,199784
wed,4,25160
wek,4,728
dax,4,443
wei,4,329445
weh,4,14692
adz,4,2731
wen,4,501184
wem,4,2213
ady,4,174967
wes,4,426537
wer,4,628461
wep,4,1008
adb,4,23202
wev,4,865
wet,4,66275
wez,4,690
wey,4,34041
wex,4,3784
ski,4,922859
adk,4,85573
gmu,4,3018
igb,4,15679
cnu,4,22122
fyf,4,4082
nvr,4,966
fye,4,2435
fyk,4,505
fyo,4,760
nve,4,11809
ufa,4,6908
nva,4,3569
nvo,4,2873
nvl,4,3621
mho,4,7168
igl,4,130499
mhe,4,1895
mha,4,3188
tjo,4,16542
xso,4,25908
nfl,4,2574
oep,4,19147
ubu,4,3731
goa,4,12352
njh,1,450
kda,4,4922
vsa,1,690
njw,1,593
nfi,4,77745
nju,3,1114
vsh,4,493
kdu,4,601
vsk,4,1363
iod,4,3535
vso,4,1647
esw,4,9100
ess,4,749006
esr,4,10214
zfe,4,526
esz,4,6285
esy,4,1105
tma,4,381433
ese,4,326533
tme,4,24708
kuf,4,1381
eso,4,140234
esn,4,51522
esk,4,54214
esj,4,6026
dco,4,22755
dcl,4,11031
dch,4,1428
dui,4,1478
pp,4,972356
dca,4,2738
fau,4,105936
izd,4,521
uty,4,12461
adv,1,1056
krz,4,4627
ndk,4,488
kry,4,2764
ndm,4,14062
ndl,4,261496
oyi,4,1913
lld,4,3593
ndc,4,489
ndb,4,39119
shc,4,11423
ndg,4,18148
kru,4,111019
edy,4,194161
kri,4,67076
kro,4,75568
ndq,4,22647
ndp,4,445
kra,4,231638
ndt,4,113937
oet,4,37964
kre,4,102644
owm,4,116288
ouk,4,16234
owo,4,6097
py,4,47955
owi,4,107951
rrm,4,15161
swe,4,241592
owg,4,4516
avn,4,2331
owb,4,11509
ouh,4,1769
owy,4,6000
owu,2,1433
owt,4,10854
oek,4,10187
owp,4,576
ows,4,395008
owr,4,51076
vaj,3,6969
dux,4,5684
vah,4,1223
vao,4,2145
yrn,4,43193
yro,4,14925
ebe,4,398804
rcu,4,55658
cny,4,1069
yre,4,89365
rcr,4,7206
yrg,4,1024
rcl,4,22397
lfm,4,1863
rth,4,587700
rch,4,364088
rci,3,925819
rck,4,10000
vas,3,314690
yrr,4,5734
vaq,3,3040
vav,4,2386
vaw,4,1751
vat,4,50454
udn,4,14118
eai,4,2220
eah,4,16845
eak,4,67988
hy,4,631690
eam,4,82832
hr,4,1112178
hls,4,9335
eac,4,161078
eab,4,17897
hv,4,3600
hw,4,250193
ox,4,643239
lfh,4,827
buj,4,612
hk,4,26610
hh,4,18871
eaz,4,10606
bun,4,107385
buo,4,3487